{"cameraMode":{"drawMode":0,"name":"Shaded","section":"Shading Mode"},"sceneLighting":false,"audioPlay":false,"sceneViewState":{"showFog":true,"showMaterialUpdate":false,"showSkybox":true,"showFlares":true,"showImageEffects":true,"showParticleSystems":true},"in2DMode":false,"pivot":{"x":0.6797592639923096,"y":1.0067429542541505,"z":-2.587643623352051},"rotation":{"x":0.017438232898712159,"y":-0.9369304180145264,"z":-0.34592995047569277,"w":-0.04725785180926323},"size":2.322794198989868,"orthographic":false}